480,310,216,209,207,207,282,441,479,310,216,209,207,207,282,440,479,310,216,209,207,207,282,440,479,310,216,209,207,207,282,440,479,310,216,209,207,207,282,440,479,310,216,209,207,207,282,440,479,310,216,209,207,207,282,440,479,310,216,209,207,207,282,439,1017,1001,762,761,9,6,11,2,1018,1001,761,760,9,10,8,5,1014,999,761,761,0,9,8,9,1016,997,761,760,1,9,8,14,1016,999,762,757,8,7,4,19,1014,993,761,760,7,30,10,2,1013,993,761,760,5,16,15,26,1016,998,762,761,4,6,13,7,403,246,165,158,153,151,201,329,402,246,165,158,153,151,201,328,403,246,165,158,153,151,201,331,403,246,165,158,153,151,200,330,403,246,165,158,153,151,201,329,403,246,165,157,153,151,201,329,403,246,165,157,153,150,201,328,403,246,165,157,153,151,201,328,438,270,186,176,163,163,216,348,439,270,187,176,163,163,216,348,439,270,187,176,163,163,216,349,440,270,187,176,163,163,216,349,439,270,186,176,163,163,216,348,439,270,186,176,163,163,216,345,438,270,186,176,163,163,215,345,439,270,186,176,163,163,216,348,0
479,310,216,209,207,207,282,440,479,310,216,209,207,207,282,440,479,310,216,209,207,207,282,440,479,310,216,210,207,207,282,441,479,310,216,209,207,207,282,441,479,310,216,209,207,207,282,440,479,310,216,209,207,207,282,440,478,310,216,209,207,207,282,439,1017,1001,762,760,9,5,7,2,1017,1000,761,760,9,9,8,6,1014,999,761,761,0,9,8,8,1016,997,762,760,0,9,8,4,1017,1000,761,758,7,4,20,7,1015,995,761,760,5,26,0,16,1014,993,761,760,10,9,10,4,1016,999,761,760,11,0,0,3,403,246,165,158,153,151,201,329,402,246,165,157,153,151,201,328,402,245,165,157,153,151,201,329,402,246,165,157,153,151,201,330,403,246,165,158,153,151,201,330,403,246,165,158,153,151,201,327,403,246,165,157,153,151,201,329,403,246,165,157,153,151,201,329,439,270,187,176,164,163,216,349,439,270,186,176,163,163,216,348,439,270,186,176,163,163,215,348,438,270,186,176,163,162,215,348,438,270,186,176,163,163,215,348,439,270,187,176,163,163,215,346,439,270,187,176,164,163,216,346,439,270,186,176,163,163,216,348,0
479,310,216,209,207,207,282,441,479,310,216,209,207,207,282,440,479,310,216,209,207,207,282,440,479,310,216,209,207,207,282,440,479,310,216,209,207,207,282,440,478,310,216,209,207,207,282,440,479,310,216,209,207,207,282,441,479,310,216,209,207,207,282,438,1018,1000,762,761,9,7,8,17,1017,1001,761,760,9,9,8,6,1014,999,761,761,11,9,8,9,1016,997,761,760,0,9,8,17,1016,1000,762,757,9,29,2,1,1014,993,761,761,5,3,0,10,1014,994,761,760,14,0,1,11,1016,998,761,761,21,7,0,25,403,246,165,158,152,151,201,329,401,246,165,158,153,151,201,329,403,246,165,157,153,151,201,330,403,246,165,158,153,151,200,331,403,246,165,157,153,151,201,330,403,246,165,157,153,150,201,328,402,246,165,157,153,151,201,329,403,246,165,157,153,151,201,329,438,270,186,176,163,163,215,348,438,270,186,176,163,163,216,348,439,270,187,176,163,163,215,348,439,270,187,176,164,163,215,349,439,270,187,176,163,163,216,348,439,270,186,176,163,163,216,347,439,270,186,176,163,162,215,346,438,270,186,176,163,163,215,347,0
479,310,216,209,207,207,282,440,479,310,216,209,207,207,282,440,479,310,216,209,207,207,282,440,479,310,216,209,207,207,282,441,479,310,216,209,207,207,282,440,479,310,216,209,207,207,282,440,479,310,216,209,207,207,282,440,478,310,216,209,207,206,282,438,1018,1001,762,760,9,9,9,12,1017,1001,761,760,9,9,8,12,1014,999,761,761,30,9,8,9,1016,997,762,760,1,10,8,8,1017,1000,761,758,12,8,19,19,1015,995,760,760,10,27,0,3,1013,993,761,760,14,2,10,1,1016,999,761,760,1,20,8,0,403,246,165,158,153,151,201,329,401,246,165,157,153,151,201,329,402,246,165,157,153,151,201,329,403,246,165,157,153,151,201,330,403,246,165,158,153,151,201,330,403,246,165,158,153,151,201,331,403,246,165,158,153,151,201,329,403,246,165,158,153,151,201,329,439,270,187,176,163,163,216,349,440,271,186,176,163,163,216,348,439,270,186,176,163,163,216,348,439,270,186,176,163,162,215,347,439,270,187,176,163,163,215,348,439,270,186,176,163,163,216,347,439,270,186,176,163,163,216,346,439,270,186,176,163,162,216,348,0
479,310,216,209,207,207,282,440,479,310,216,209,207,207,282,441,480,310,216,209,207,207,282,440,479,310,216,209,207,207,282,440,479,310,216,209,207,207,282,440,478,310,216,209,207,207,282,440,479,310,216,209,207,207,282,440,479,310,216,209,207,207,282,439,1017,1000,762,761,10,18,10,10,1017,1000,761,761,10,9,8,5,1014,999,761,761,27,9,8,9,1016,997,761,761,14,9,8,14,1017,1000,761,757,9,10,4,1,1014,993,760,760,6,0,30,4,1013,992,760,760,11,22,18,12,1016,998,762,761,16,20,12,30,403,246,165,158,153,151,201,329,401,246,165,157,153,151,201,329,403,246,165,158,153,151,201,330,403,246,164,157,153,151,201,330,403,246,165,157,153,151,201,330,403,246,165,157,153,151,201,330,402,246,165,157,153,150,201,328,402,246,165,157,153,150,201,329,439,270,186,176,163,163,215,348,438,270,186,176,163,163,216,348,438,270,186,176,163,163,215,348,439,270,186,176,163,163,215,348,439,270,187,176,163,163,216,349,439,270,187,176,163,163,215,347,439,270,186,176,163,163,215,348,439,270,186,176,163,162,215,347,0
479,310,216,209,207,207,282,440,479,310,216,209,207,207,282,440,479,310,216,209,207,207,282,440,479,310,216,209,207,207,282,440,479,310,216,209,207,207,282,441,479,310,216,209,207,207,282,440,479,310,216,210,207,207,282,440,479,310,216,209,207,207,282,438,1017,1001,762,761,9,17,13,10,1017,1000,761,760,9,9,8,5,1013,998,760,761,3,9,8,10,1016,997,761,761,15,10,8,14,1017,1000,761,757,9,1,14,2,1014,993,760,760,5,26,0,3,1014,992,761,760,9,7,2,0,1016,998,762,761,19,26,0,6,403,246,165,158,153,151,201,330,401,246,165,158,153,151,201,329,403,246,165,158,153,151,201,330,403,246,164,157,153,150,200,329,403,246,165,157,153,150,201,330,403,246,165,158,153,151,201,329,402,246,165,157,153,151,201,330,403,246,165,157,153,151,201,330,439,270,186,176,163,163,215,348,439,270,187,176,164,163,216,349,439,270,187,176,163,163,215,348,439,270,186,176,163,163,215,348,439,270,186,175,163,163,215,347,439,270,186,176,163,163,215,347,439,270,186,176,163,163,216,348,439,270,186,176,163,163,216,348,0
479,310,216,209,207,207,282,440,479,310,216,209,207,207,282,441,480,310,216,210,207,207,282,440,479,310,216,209,207,207,282,440,479,310,216,209,207,207,282,440,478,310,216,209,207,207,282,440,479,310,216,209,207,207,282,440,479,310,216,209,207,207,282,439,1018,1000,762,761,9,3,13,13,1017,1001,761,760,9,9,8,7,1014,999,761,761,20,9,8,10,1016,998,761,761,28,10,7,8,1017,999,761,758,10,23,13,18,1014,993,759,760,5,31,11,20,1013,992,760,759,12,22,18,5,1016,998,761,761,18,25,21,28,403,246,165,158,153,151,201,330,400,246,165,157,153,151,201,329,403,246,165,158,153,151,201,330,403,246,165,157,153,151,201,331,403,246,165,157,153,151,201,331,404,246,165,157,153,151,201,330,402,246,165,157,153,151,201,328,402,246,165,157,153,151,201,329,439,270,186,176,163,163,216,348,439,270,186,176,163,163,216,348,438,270,187,176,163,163,215,348,439,270,186,176,163,163,215,348,439,270,187,176,163,163,216,348,439,270,187,176,163,163,215,347,439,270,186,176,163,163,215,346,439,270,186,176,163,163,215,347,0
479,310,216,209,207,207,282,440,479,310,216,209,207,207,282,440,479,310,216,209,207,207,282,440,479,310,216,209,207,207,282,440,479,310,216,209,207,207,282,441,479,310,216,209,207,207,282,440,479,310,216,209,207,207,282,440,479,310,216,209,207,207,282,438,1018,1000,762,761,9,3,13,6,1017,1000,761,760,9,9,8,5,1014,999,760,761,21,9,8,7,1015,997,761,760,27,9,7,16,1017,999,761,757,9,27,2,1,1015,993,760,761,7,28,21,17,1014,993,760,760,9,1,1,0,1016,998,761,761,19,3,0,4,403,246,165,158,153,151,201,330,402,246,165,158,153,151,201,329,403,246,165,157,153,151,201,330,403,246,165,157,153,150,200,329,403,246,165,157,153,151,201,330,403,246,165,157,153,150,201,330,402,246,165,157,153,151,201,329,403,246,165,157,153,151,201,329,439,270,187,176,163,163,215,348,439,270,187,176,163,163,216,349,439,270,187,176,163,163,216,348,439,270,186,176,163,163,215,348,439,270,186,176,163,162,215,347,439,270,186,176,163,162,215,347,439,270,186,176,163,163,216,346,439,270,186,176,163,163,216,348,0
479,310,216,209,207,207,282,440,479,310,216,209,207,207,282,441,479,310,216,210,207,207,282,440,479,310,216,209,207,207,282,440,479,310,216,209,207,207,282,440,479,310,216,209,207,207,282,440,479,310,216,209,207,207,282,440,479,310,216,209,207,207,282,440,1017,1001,762,761,9,6,14,10,1018,1000,761,761,9,9,8,13,1014,999,760,761,16,9,8,10,1017,997,761,761,11,10,7,7,1017,999,761,758,9,26,9,18,1014,993,760,760,11,3,28,4,1013,992,760,760,7,2,15,14,1016,999,761,761,3,23,0,22,403,246,165,157,153,151,200,329,401,246,164,158,153,151,201,329,403,246,165,158,153,151,201,330,403,246,164,158,153,150,201,331,403,246,165,157,153,151,201,330,403,246,165,157,153,151,201,330,402,246,165,157,153,151,201,329,401,246,165,157,153,150,201,329,439,270,186,176,163,163,215,348,439,270,186,176,163,163,215,347,438,270,186,175,163,163,215,348,439,270,186,176,163,163,215,348,439,270,186,176,163,163,216,349,440,270,186,176,163,163,216,348,439,270,186,176,163,163,215,347,439,270,186,176,163,163,215,347,0
479,310,216,209,207,207,282,440,479,310,216,209,207,207,282,440,478,310,216,209,207,207,282,440,479,310,216,209,207,207,282,440,479,310,216,209,207,207,282,440,479,310,216,209,207,207,282,441,479,310,216,209,207,207,282,440,479,310,216,209,207,207,282,440,1018,1000,762,761,10,16,14,19,1017,1000,761,761,9,9,8,14,1014,998,760,761,14,9,8,7,1016,997,761,761,5,9,8,2,1017,1000,761,757,10,8,18,18,1014,993,759,760,9,11,16,5,1014,992,761,759,11,22,7,3,1016,998,761,760,16,0,3,1,403,246,165,157,152,151,201,330,402,246,165,158,153,151,201,329,403,246,165,158,153,151,201,330,403,246,164,158,153,151,200,330,403,246,165,157,152,151,201,329,402,246,165,158,153,151,201,330,402,246,165,157,153,151,201,329,402,246,165,157,153,151,201,330,439,270,186,176,163,163,215,348,439,270,186,176,163,163,215,348,439,270,186,176,163,163,216,348,439,270,186,176,163,163,215,348,439,270,186,176,163,162,215,348,438,270,186,176,163,162,215,347,439,270,186,176,163,163,215,348,439,270,186,176,163,163,216,348,0
479,310,216,209,207,207,282,440,479,310,216,209,207,207,282,440,479,310,216,209,208,207,282,440,479,310,216,209,207,207,282,440,479,310,216,209,207,207,282,440,479,310,216,209,207,207,282,440,479,310,216,209,207,207,282,440,479,310,216,209,207,207,282,440,1017,1000,762,761,9,11,7,8,1017,1000,761,760,9,9,8,13,1014,998,761,761,25,9,8,8,1016,997,761,761,7,9,7,7,1017,999,761,757,10,2,13,1,1015,993,759,761,14,3,1,6,1013,993,760,759,8,13,18,17,1015,998,761,761,17,4,13,0,403,246,165,157,153,150,201,329,401,246,164,157,153,151,200,328,403,246,165,158,153,151,201,330,403,246,165,157,153,151,200,330,403,246,165,158,153,151,201,330,403,246,165,158,153,150,201,330,402,246,165,157,153,151,201,329,402,246,165,157,152,151,201,329,439,270,186,176,163,163,215,348,439,270,186,176,163,162,216,348,438,270,187,176,163,162,215,347,439,270,187,176,163,163,215,348,439,270,186,176,163,163,216,349,439,270,187,176,163,163,216,348,439,270,186,176,163,163,215,347,439,270,186,176,163,163,215,347,0
479,310,216,209,207,207,282,440,479,310,216,209,207,207,282,440,479,310,216,209,207,207,282,440,478,310,216,209,207,207,282,440,479,310,216,209,207,207,282,440,478,310,216,209,207,207,282,441,480,310,216,209,207,207,282,440,479,310,216,209,207,207,282,440,1018,1001,762,761,9,9,8,19,1017,1000,761,760,10,9,8,10,1014,998,760,761,29,9,9,10,1015,996,760,760,1,10,8,3,1016,999,761,758,10,0,15,6,1014,994,759,760,4,0,3,21,1014,991,761,759,11,17,16,1,1016,998,761,761,19,18,26,30,403,246,165,158,153,151,201,329,402,246,165,157,153,151,201,329,403,246,165,157,153,151,201,330,403,246,165,158,153,151,200,330,403,246,165,157,152,150,201,329,403,246,165,157,153,151,200,330,402,246,165,157,153,151,201,329,402,246,165,157,153,151,201,329,439,270,186,176,163,163,215,348,439,270,186,176,163,163,216,349,440,270,187,176,163,163,215,348,439,270,186,176,163,163,215,348,439,270,186,176,163,163,215,348,438,269,186,176,163,162,215,347,438,270,186,176,163,163,216,348,439,270,186,176,163,163,215,348,0
478,310,216,209,207,207,282,440,479,310,216,209,207,207,282,440,479,310,216,210,207,207,282,441,480,310,216,209,207,207,282,440,479,310,216,209,207,207,282,440,479,310,216,209,207,207,282,440,479,310,216,209,207,207,282,440,479,310,216,209,207,207,282,440,1017,1001,762,761,9,20,11,5,1016,1000,761,761,9,9,8,6,1014,999,760,761,16,10,8,7,1016,997,761,761,4,10,10,1,1017,999,760,758,9,1,15,2,1014,993,759,760,15,18,26,13,1013,991,760,760,11,12,3,13,1015,998,761,760,3,25,6,0,403,246,165,157,153,151,201,330,402,246,165,157,153,151,200,328,403,246,165,158,153,151,201,330,403,246,164,157,153,151,201,330,403,246,165,158,153,151,201,330,403,246,165,157,153,151,201,330,402,246,165,157,153,151,201,329,402,246,165,157,153,151,201,329,439,270,186,176,163,163,215,348,439,270,186,176,163,163,215,347,439,270,186,175,163,163,215,348,439,270,186,176,163,163,215,348,439,270,186,176,163,163,216,348,439,270,187,176,163,163,216,348,439,270,186,176,163,163,216,348,439,270,186,176,163,163,215,348,0
479,310,216,210,207,207,282,440,479,310,216,209,207,207,282,440,479,310,216,209,207,207,282,440,479,310,216,209,207,207,282,440,479,310,216,209,207,207,282,440,479,310,216,209,207,207,282,441,479,310,216,209,207,207,282,440,479,310,216,209,207,207,282,440,1018,1001,762,761,9,2,11,1,1017,1000,760,761,9,9,8,4,1014,999,760,761,33,10,8,10,1015,996,760,761,0,9,6,1,1016,1000,760,757,9,7,10,5,1014,993,760,760,10,24,24,23,1014,993,761,760,8,3,11,3,1016,998,762,761,20,1,3,0,403,246,165,157,153,151,201,329,402,246,165,158,153,151,201,328,403,246,165,157,153,151,201,330,403,246,164,158,153,151,201,330,403,246,165,157,153,151,200,329,402,246,165,157,153,150,201,330,402,246,165,157,153,151,201,329,402,246,165,157,153,151,201,330,438,270,186,176,163,163,215,348,439,270,186,176,163,163,216,348,439,270,187,176,163,163,216,348,439,270,186,176,163,163,215,348,439,270,186,176,163,163,215,348,438,270,186,176,163,163,215,347,438,270,186,176,163,163,215,347,439,270,186,176,163,163,215,348,0
479,310,216,209,207,207,282,440,479,310,216,209,207,207,282,440,479,310,216,209,207,207,282,440,480,310,216,209,207,207,282,441,479,310,216,209,207,207,282,440,478,310,216,209,207,207,282,440,479,310,216,209,207,207,282,440,479,310,216,209,207,207,282,439,1016,1000,762,761,10,21,3,3,1017,1000,761,760,10,9,8,10,1015,998,760,761,35,10,8,10,1016,997,761,761,8,9,9,7,1017,999,761,758,9,27,4,1,1015,993,758,761,10,26,8,1,1013,993,760,760,9,2,15,3,1015,998,761,761,19,3,22,0,403,246,165,157,153,151,201,330,402,246,164,157,152,150,201,328,403,245,165,158,153,151,201,329,403,246,164,158,153,151,201,330,403,246,165,158,153,151,201,330,403,246,165,157,153,151,201,330,402,246,165,157,153,151,201,329,402,246,165,157,153,151,201,329,439,270,186,176,163,163,215,348,439,270,186,176,163,163,215,348,439,269,186,176,163,163,215,347,438,270,186,176,163,163,215,348,439,270,186,176,163,163,215,348,439,270,186,176,163,163,216,348,439,270,186,176,164,163,215,347,438,270,186,176,163,163,215,348,0
479,311,216,209,207,207,282,440,480,310,216,209,207,207,282,440,479,310,216,209,207,207,282,439,478,310,216,209,207,207,282,440,479,310,216,209,207,207,282,440,479,310,216,209,207,207,282,441,479,310,216,209,207,207,282,440,479,310,216,209,207,207,282,439,1017,1000,762,761,9,21,14,1,1017,1000,761,761,9,9,8,7,1015,998,760,762,35,10,8,7,1016,997,760,760,0,9,10,10,1016,999,760,758,9,15,19,5,1014,994,758,760,10,28,7,0,1014,993,761,760,7,5,12,6,1016,998,761,761,18,3,2,13,403,246,165,157,153,151,201,329,401,246,165,158,153,151,201,329,403,245,165,157,153,151,201,330,403,246,164,157,153,151,201,330,403,246,165,157,153,150,201,328,402,246,165,157,153,150,201,330,402,246,165,157,153,151,201,329,402,246,165,157,153,151,201,330,438,270,186,176,163,163,216,348,439,270,186,176,163,163,216,348,439,270,186,176,163,163,216,348,440,270,186,176,163,163,215,348,439,270,186,176,163,163,215,348,439,270,186,175,163,162,215,347,438,269,186,176,163,163,215,347,439,270,186,176,163,163,216,348,0
479,310,216,209,207,207,282,440,479,310,216,209,207,207,282,440,479,310,216,209,207,207,282,441,479,310,216,209,207,207,282,440,479,310,216,209,207,207,282,440,478,310,216,209,207,207,282,439,478,310,216,209,207,207,282,440,479,310,216,209,207,207,282,440,1017,1000,761,761,9,21,10,19,1017,999,760,761,10,9,8,6,1014,999,760,761,28,9,8,9,1016,997,760,761,0,9,10,16,1017,999,761,758,9,26,18,17,1014,993,758,760,6,3,9,4,1014,992,760,760,11,12,17,8,1015,998,761,761,15,5,9,1,403,246,165,158,153,151,201,330,400,246,164,157,153,150,201,329,403,246,165,157,153,151,201,329,403,246,164,157,153,151,200,330,403,246,165,157,153,151,201,330,403,246,165,157,153,151,201,330,402,246,165,157,153,151,201,329,402,246,165,157,153,151,201,329,439,270,186,176,163,163,215,348,439,270,186,176,163,163,216,348,439,270,186,175,163,162,215,347,438,269,186,176,163,162,215,347,439,270,186,176,163,163,215,348,439,270,186,176,163,163,216,348,439,270,186,176,163,163,215,348,439,270,186,176,163,163,216,348,0
479,311,216,209,207,207,282,440,479,310,216,209,207,207,282,440,479,310,216,209,207,207,282,440,479,310,216,209,207,207,282,440,479,310,216,209,207,207,282,440,478,310,216,209,207,207,282,440,479,310,216,209,207,207,282,440,479,310,216,209,207,207,282,440,1018,1000,762,761,9,20,11,16,1017,1000,761,761,10,9,7,3,1014,998,761,761,34,10,8,4,1016,996,760,761,0,10,10,19,1016,999,760,757,9,27,7,13,1014,992,758,760,9,8,0,6,1014,994,760,760,8,22,15,0,1016,998,761,761,19,20,2,9,403,246,165,157,153,151,201,329,400,246,165,157,153,151,201,330,403,246,165,157,153,151,201,330,403,246,164,157,153,150,201,330,403,246,165,157,153,151,201,329,403,246,165,157,152,150,200,329,402,245,165,157,153,151,201,329,402,246,165,157,153,151,201,329,438,270,186,176,163,163,215,348,439,270,187,176,163,163,215,348,439,270,186,176,163,163,216,349,439,270,186,176,163,163,215,348,439,270,186,176,163,162,216,348,439,270,186,176,163,162,215,347,438,270,186,176,163,163,216,347,439,270,186,176,163,163,216,348,0
478,310,216,210,207,207,282,440,479,310,216,209,207,207,282,440,479,310,216,209,207,207,282,440,479,310,216,209,207,207,282,440,479,310,216,209,207,207,282,440,478,310,216,209,207,207,282,440,479,310,216,209,207,207,282,440,479,310,216,209,207,207,282,439,1018,1000,762,761,8,21,4,18,1017,1000,760,761,9,9,7,15,1014,998,760,761,35,10,8,5,1016,997,760,760,11,9,9,5,1017,999,761,757,10,1,6,14,1015,992,757,760,7,12,0,2,1013,992,760,760,10,2,4,11,1015,997,761,761,17,4,0,13,403,246,165,157,152,151,201,329,400,246,164,157,153,151,201,328,402,246,165,157,153,151,201,329,403,246,165,157,153,150,201,330,403,246,165,157,153,151,201,329,403,246,165,157,153,151,201,330,402,246,165,157,153,151,201,329,402,246,165,157,153,151,201,329,439,270,187,176,163,163,215,348,439,270,186,176,163,163,215,348,439,270,186,176,163,163,215,347,438,270,186,176,163,162,215,347,439,270,186,176,163,163,215,348,439,270,186,176,163,163,216,348,439,270,186,176,163,163,215,347,439,270,186,176,163,163,215,348,0
479,310,216,209,207,207,282,441,479,310,216,209,207,207,282,440,479,310,216,209,207,207,282,440,479,310,216,209,207,207,282,440,479,310,216,209,207,207,282,440,478,310,216,209,207,207,282,440,479,310,216,210,207,207,282,441,479,310,216,209,207,207,282,440,1018,1001,762,761,11,21,14,17,1017,999,761,761,9,9,7,15,1014,998,760,761,33,9,8,6,1016,996,761,760,0,9,11,12,1016,998,760,758,10,15,5,10,1014,994,757,760,10,4,0,11,1013,992,760,760,13,21,2,6,1016,999,761,761,3,22,1,25,403,246,165,157,152,151,200,329,400,246,164,157,153,151,201,330,404,246,165,158,153,151,201,330,403,246,164,157,153,150,201,330,403,246,165,157,153,151,201,329,402,246,165,157,152,150,200,329,402,246,165,157,153,151,201,329,402,246,165,157,153,151,201,329,438,269,186,176,163,163,215,348,439,270,186,176,163,163,215,348,439,270,186,176,164,163,216,348,439,270,186,176,163,163,215,348,439,270,186,176,163,163,215,348,439,270,186,176,163,162,215,347,438,269,186,176,163,163,215,347,438,270,186,176,163,163,215,348,0
479,310,216,209,207,207,282,440,479,310,216,209,207,207,282,440,479,310,216,209,207,207,282,440,479,310,216,209,207,207,282,440,479,310,216,209,207,207,282,440,479,310,216,209,207,207,282,440,479,310,216,209,207,207,282,440,478,310,216,209,207,207,282,439,1017,1000,762,761,12,13,9,18,1017,999,760,761,9,10,6,4,1014,997,760,761,33,9,8,13,1016,996,760,761,0,9,10,2,1017,999,760,758,9,2,16,3,1015,992,757,760,11,7,0,22,1010,991,760,760,6,2,4,21,1016,997,761,761,5,13,11,0,403,246,165,157,153,151,201,330,401,246,164,157,153,151,201,329,403,245,165,157,152,151,201,329,402,246,165,157,152,150,201,330,403,246,165,158,153,151,200,329,403,246,165,158,153,151,201,330,402,246,165,157,153,151,201,329,402,246,165,157,153,151,201,329,439,270,187,176,164,163,215,349,439,270,186,176,163,163,215,348,439,270,186,176,163,163,215,348,439,269,186,176,163,163,215,347,438,269,186,176,163,163,216,348,439,270,186,176,163,163,215,347,439,270,186,176,163,163,216,348,439,270,186,176,163,162,216,347,0
479,310,216,209,207,207,282,441,479,310,216,209,207,207,282,440,479,310,216,210,207,207,282,440,479,310,216,209,207,207,282,440,479,310,216,209,207,207,282,440,479,310,216,209,206,207,282,440,479,310,216,209,207,207,282,440,479,310,216,209,207,207,282,439,1018,1000,761,761,11,9,3,7,1017,1000,761,761,9,9,7,9,1014,998,760,761,32,9,8,9,1016,997,760,761,3,9,5,22,1017,999,760,757,9,27,2,3,1014,991,757,760,12,16,27,1,1011,992,760,760,12,9,7,8,1016,997,761,761,3,3,2,4,402,246,165,157,153,151,201,329,400,246,164,157,153,151,201,329,403,246,165,157,153,151,201,330,403,246,165,157,153,150,201,330,403,246,165,157,153,151,201,329,403,246,165,157,152,151,201,329,401,245,165,157,153,151,200,328,401,246,165,157,153,151,201,329,438,270,186,176,163,162,215,347,438,270,186,176,163,163,216,348,439,270,186,176,163,163,216,348,439,270,186,176,163,163,215,349,439,270,187,176,163,163,215,348,439,270,186,176,163,163,215,347,439,270,186,176,163,162,215,347,438,269,186,176,163,163,215,347,0
479,310,216,209,207,207,282,440,479,310,216,209,207,207,282,440,479,310,216,209,207,207,282,440,479,310,216,209,207,207,282,440,479,310,216,209,206,207,282,440,479,310,216,209,207,207,282,440,479,310,216,209,207,207,282,440,479,310,216,209,207,207,282,438,1018,1000,761,761,11,8,8,8,1017,999,760,761,9,10,10,9,1014,998,759,761,15,9,8,12,1016,996,761,761,0,9,7,5,1017,999,760,757,9,8,3,2,1015,992,758,760,10,29,0,1,1011,991,760,760,12,9,15,7,1016,997,760,761,3,2,2,29,403,246,165,157,152,151,201,330,401,246,164,157,153,151,201,329,403,245,165,158,153,151,201,329,402,246,164,157,152,150,200,330,403,246,165,157,152,151,201,329,403,246,165,157,153,150,201,330,402,246,165,157,153,151,201,330,402,246,165,157,153,151,201,329,439,270,186,176,163,163,216,349,439,270,186,176,163,163,216,347,438,270,186,176,163,163,215,348,439,270,186,176,163,162,215,347,439,270,186,175,163,163,215,348,438,270,186,176,163,163,215,347,439,270,186,176,163,163,215,348,439,270,186,176,163,163,216,348,0
479,310,216,209,207,207,282,440,480,310,216,209,207,207,282,440,479,310,216,210,207,207,282,440,479,310,216,209,207,207,282,440,479,310,216,209,206,207,282,440,479,310,216,209,207,207,282,440,479,310,216,209,207,207,282,440,479,310,216,209,207,207,282,440,1017,1000,761,762,12,12,4,15,1017,999,760,761,9,9,8,16,1015,998,760,761,36,9,9,6,1016,997,760,760,10,9,5,21,1017,999,761,757,9,25,5,12,1014,992,756,760,10,28,0,12,1010,991,760,760,12,3,9,1,1016,997,760,761,4,3,1,0,402,245,165,157,152,151,200,329,401,246,165,157,153,151,201,329,403,245,165,157,152,151,201,330,403,246,164,158,153,151,200,330,403,246,165,157,153,150,201,329,403,246,165,157,153,150,201,329,400,246,165,157,153,150,201,329,401,246,165,157,153,151,201,329,438,270,186,176,163,162,215,347,438,269,186,175,163,163,215,347,438,270,187,176,163,163,216,348,439,270,186,176,163,163,216,349,439,270,187,176,163,163,215,348,439,270,186,176,163,163,215,347,439,270,186,176,163,163,215,347,438,269,186,175,163,162,215,347,0
479,310,216,209,207,207,282,440,479,310,216,209,207,207,282,440,479,310,216,209,207,207,282,440,479,310,216,209,207,207,282,440,479,310,216,209,207,207,282,441,479,310,216,209,207,207,282,440,479,310,216,209,207,207,282,440,479,310,216,209,207,207,282,439,1018,1000,761,761,7,12,16,7,1017,999,761,761,9,9,7,12,1014,997,760,761,34,9,8,12,1016,996,761,761,0,9,5,7,1017,998,760,758,9,6,13,1,1015,994,757,760,10,29,14,20,1011,991,760,760,14,21,8,3,1016,998,761,761,3,24,19,6,403,246,165,158,153,151,201,331,402,246,164,158,153,151,201,329,403,245,165,157,153,151,201,329,403,246,164,157,152,150,200,329,403,246,165,157,153,151,201,329,403,246,165,157,153,151,201,330,400,246,165,157,153,151,201,330,401,246,165,157,153,151,201,329,438,270,186,176,163,163,216,348,439,270,186,176,163,163,215,348,439,270,186,176,163,163,215,348,439,270,186,176,163,163,215,347,438,269,186,176,163,162,215,347,439,270,186,176,163,163,215,347,439,270,186,176,163,163,215,347,439,270,186,176,163,163,216,348,0
479,310,216,209,207,207,282,440,479,310,216,210,207,207,282,440,479,310,216,209,207,207,282,440,479,310,216,209,207,207,282,440,479,310,216,209,207,207,282,440,479,310,216,209,207,207,282,440,479,310,216,209,207,207,282,440,479,310,216,209,207,207,282,440,1017,1000,762,761,9,7,4,7,1017,999,760,761,9,9,9,16,1015,997,760,761,34,10,8,5,1016,996,760,761,0,9,10,9,1017,999,760,757,10,10,6,2,1014,991,757,760,9,22,27,5,1010,992,760,760,14,17,10,8,1016,997,761,761,17,23,24,10,403,245,164,157,153,151,200,329,401,246,164,157,153,151,201,329,403,245,165,158,153,151,201,329,403,246,164,158,153,151,200,330,403,246,165,157,153,151,201,330,403,246,165,157,152,150,200,329,400,246,165,157,152,151,201,329,400,246,165,157,152,151,201,329,438,270,186,176,163,163,215,347,438,269,186,175,163,163,215,348,438,270,186,176,163,163,215,348,439,270,186,176,163,163,215,348,439,270,186,176,163,163,216,348,439,270,186,176,163,163,215,347,439,270,186,176,163,163,215,347,438,270,186,176,163,163,215,347,0
479,310,216,209,207,207,282,440,479,310,216,209,207,207,282,440,479,310,216,209,207,207,282,440,479,310,216,209,207,207,282,440,479,310,216,209,207,207,282,440,479,310,216,209,207,207,282,440,478,310,216,209,207,207,282,440,479,310,216,209,207,207,282,439,1018,1000,761,761,9,20,10,6,1017,999,760,761,10,9,8,14,1014,996,760,761,24,9,8,5,1015,996,760,761,0,9,6,0,1017,998,760,757,9,23,5,18,1015,991,756,761,8,25,5,4,1010,993,760,760,6,18,13,24,1016,997,761,761,17,9,27,7,403,246,165,158,153,151,201,330,402,246,164,157,153,151,201,329,403,245,165,157,153,151,201,329,403,246,164,157,152,150,200,329,403,246,165,157,153,150,201,329,403,246,165,157,152,151,200,329,400,246,164,157,153,151,201,330,401,246,165,157,153,151,201,329,438,270,186,176,163,163,215,348,439,270,186,176,163,163,216,348,439,270,186,176,163,163,215,348,439,270,186,176,163,163,215,348,438,269,186,175,163,162,215,347,439,270,186,176,163,163,215,347,439,270,186,176,163,163,215,347,438,270,186,176,163,163,216,348,0
479,310,216,209,207,207,282,440,479,310,216,209,207,207,282,440,479,310,216,210,207,207,282,440,479,310,216,209,207,207,282,440,479,310,216,209,207,207,282,440,478,310,216,209,207,207,282,440,479,310,216,209,207,207,282,440,479,310,216,209,207,207,282,440,1017,1000,761,761,9,6,16,2,1017,999,761,761,9,9,6,4,1014,997,760,762,30,9,8,6,1016,996,760,761,2,10,7,0,1017,998,760,758,9,24,2,18,1014,992,756,760,9,17,14,17,1010,991,760,760,14,21,8,19,1016,997,761,761,17,14,20,18,403,246,165,157,152,150,201,329,401,246,164,157,152,151,201,329,403,245,165,157,153,151,201,329,403,246,164,157,153,151,201,330,403,246,165,157,153,151,201,330,403,246,165,157,153,151,200,330,400,246,165,157,153,150,201,329,400,245,165,157,152,151,201,329,438,270,186,176,163,163,215,348,437,270,186,176,163,163,215,347,438,270,186,176,163,163,215,348,439,270,186,176,163,163,215,348,439,270,187,176,163,163,216,348,439,270,186,176,163,163,215,348,439,270,186,176,163,162,215,347,438,270,186,175,163,163,215,346,0
479,310,216,209,207,207,282,440,479,310,216,209,207,207,282,440,479,310,216,210,207,207,282,440,479,310,216,209,207,207,282,440,479,310,216,209,206,207,282,441,479,310,216,209,207,207,282,440,479,310,216,209,207,207,282,440,479,310,216,209,207,207,282,439,1018,1000,761,761,11,13,11,1,1017,999,760,761,9,10,9,10,1014,997,759,761,24,10,8,10,1016,996,760,761,1,10,10,1,1017,998,760,757,9,26,7,3,1014,991,757,760,9,0,4,2,1011,992,760,760,14,18,3,21,1016,998,761,761,17,13,11,29,403,246,165,157,153,151,201,331,402,246,164,157,152,151,201,329,403,245,165,157,153,151,201,329,403,246,164,157,152,150,200,329,402,246,165,157,153,150,201,329,403,246,165,157,153,150,201,329,401,246,164,157,153,151,201,330,401,246,165,157,153,151,201,329,438,270,186,176,163,163,215,348,439,270,186,176,163,163,215,348,439,270,186,176,163,162,215,348,439,270,186,176,163,163,215,348,439,270,186,175,163,162,215,347,438,269,186,175,163,162,215,348,439,270,186,176,163,163,215,347,438,270,186,176,164,163,216,349,0
479,310,216,209,207,207,282,440,479,310,216,209,207,207,282,441,479,310,216,210,207,207,282,440,479,310,216,209,207,207,282,440,479,310,216,209,207,207,282,440,479,310,216,209,207,207,282,440,479,310,216,209,207,207,282,440,479,310,216,209,207,207,282,440,1017,1000,762,761,9,15,17,17,1017,998,760,761,9,9,6,5,1014,997,760,761,33,10,8,4,1016,996,760,761,1,9,8,1,1017,999,760,757,9,25,14,11,1014,992,757,760,9,0,0,15,1010,993,760,760,13,19,13,21,1016,997,761,761,16,22,0,0,403,246,165,157,152,150,200,329,401,246,164,157,152,151,201,329,403,245,165,157,153,151,201,329,403,246,164,157,153,150,200,330,403,246,165,157,153,151,201,330,403,246,165,157,153,151,201,330,401,246,165,157,153,151,201,329,400,245,164,157,153,150,201,329,438,270,186,176,163,163,215,348,439,270,186,175,163,162,215,347,438,269,186,176,163,163,215,348,439,270,186,176,163,163,215,348,439,270,186,176,163,163,215,348,439,270,186,176,163,163,215,348,438,270,186,176,163,163,215,347,438,270,186,176,163,162,215,347,0
479,310,216,209,207,207,282,440,479,310,216,209,207,207,282,440,478,310,216,209,207,207,282,440,479,310,216,209,207,207,282,440,479,310,216,209,207,207,282,440,479,310,216,209,207,207,282,440,480,310,216,209,207,207,282,440,479,310,216,209,207,207,282,440,1018,1000,762,761,8,15,5,1,1017,999,760,761,9,9,6,3,1014,997,760,761,11,9,8,4,1015,996,760,761,1,9,8,0,1017,998,760,757,9,0,18,18,1014,992,757,761,9,1,23,0,1010,994,760,760,5,4,5,4,1016,997,761,761,12,11,1,0,403,246,165,157,153,151,200,330,402,246,165,157,152,151,201,329,403,245,165,157,153,151,201,329,403,246,164,157,153,150,200,329,402,246,165,157,152,150,200,329,403,246,165,157,153,150,200,329,401,246,165,157,153,151,201,329,401,246,165,157,153,151,201,329,438,270,186,176,163,163,215,348,439,270,186,176,163,163,216,349,439,270,186,176,163,163,215,348,439,270,186,176,163,163,215,348,439,270,186,176,163,162,215,347,438,269,186,176,163,162,215,347,439,270,186,176,163,163,215,347,438,270,186,176,163,163,216,348,0
479,310,216,209,207,207,282,440,479,310,216,209,207,207,282,440,479,310,216,210,207,207,282,440,479,310,216,209,207,207,282,440,479,310,216,209,207,207,282,440,479,310,216,209,207,207,282,440,479,310,216,209,207,207,282,440,479,310,216,209,207,207,282,440,1017,1000,761,761,7,7,16,7,1016,998,760,761,9,10,8,5,1014,997,760,761,35,9,8,6,1017,996,760,761,0,9,13,1,1017,998,760,757,9,22,17,18,1014,992,757,760,9,0,13,8,1011,992,759,760,13,3,2,11,1016,998,760,761,9,20,0,7,403,246,165,157,153,151,201,329,401,246,164,157,153,150,201,328,403,245,165,157,152,151,201,329,403,246,164,157,153,150,201,330,403,246,165,158,153,151,201,330,403,246,165,158,153,151,200,329,401,245,165,157,153,151,201,329,401,245,165,157,152,150,200,328,438,270,186,176,163,163,215,348,438,270,186,176,163,162,215,347,438,269,186,175,163,163,215,347,438,269,186,176,163,163,215,348,439,270,186,176,163,163,216,349,439,270,186,176,164,163,216,348,439,270,186,176,163,163,215,348,438,270,186,176,163,163,215,347,0
479,310,216,209,207,207,282,440,479,310,216,209,207,207,282,440,479,310,216,209,207,207,282,440,479,310,216,209,207,207,282,440,479,310,216,209,207,207,282,440,479,310,216,209,207,207,282,441,479,310,216,209,207,207,282,440,478,310,216,209,207,207,282,439,1019,1000,761,762,7,2,2,21,1017,999,760,761,9,9,6,6,1014,997,760,761,30,9,8,4,1015,996,760,761,2,9,12,8,1016,998,760,757,9,0,1,10,1015,992,757,761,10,3,25,8,1011,994,760,760,13,3,10,0,1016,997,760,761,12,19,14,14,403,246,165,157,153,151,201,329,401,246,164,157,153,151,201,330,403,245,165,157,153,151,201,329,403,246,164,157,153,150,200,330,403,246,165,157,152,150,200,329,402,245,165,157,152,150,200,329,401,245,165,157,153,151,201,329,402,246,165,157,153,151,201,329,438,270,186,176,163,163,215,348,439,270,186,176,163,163,216,348,439,270,186,176,163,163,216,348,439,269,186,176,163,163,215,348,439,270,186,176,163,163,215,347,438,269,186,175,163,162,215,347,438,270,186,176,163,163,215,347,438,270,186,176,163,163,215,348,0
479,310,216,209,207,207,282,440,479,310,216,209,207,207,282,440,479,310,216,210,207,207,282,440,479,310,216,209,207,207,282,440,479,310,216,209,207,207,282,440,479,310,216,209,207,207,282,440,479,310,216,209,207,207,282,440,479,310,216,209,207,207,282,440,1017,1000,761,761,9,1,11,19,1017,998,760,761,9,9,7,17,1014,996,760,761,34,9,8,3,1017,996,761,761,2,9,12,0,1017,998,760,758,9,6,2,18,1014,993,757,760,9,1,19,1,1011,992,760,760,12,1,4,19,1015,998,760,761,10,3,2,1,403,246,165,157,152,151,201,329,401,246,164,157,152,150,201,328,403,245,165,157,153,151,201,329,403,246,164,157,153,150,200,330,403,246,165,157,153,151,201,330,403,246,165,157,153,151,201,330,402,245,164,157,153,151,201,329,401,245,164,157,153,151,200,328,438,270,186,176,163,163,215,348,439,270,186,176,163,162,215,347,439,269,186,176,163,162,215,347,438,269,186,176,163,163,215,348,439,270,186,176,163,162,215,348,439,270,186,176,163,163,215,348,439,270,186,176,163,162,215,347,438,270,186,176,163,162,215,348,0
480,310,216,209,207,207,282,440,479,310,216,209,207,207,282,440,479,310,216,209,207,207,282,439,478,310,216,209,207,207,282,440,479,310,216,209,207,207,282,440,479,310,216,209,207,207,282,441,480,310,216,209,207,207,282,440,479,310,216,209,207,207,282,440,1018,1000,761,761,7,5,18,10,1017,998,760,761,9,9,12,9,1014,997,760,761,31,9,8,4,1016,996,760,761,1,10,10,0,1016,998,759,757,9,9,9,18,1014,992,757,761,9,2,0,19,1010,994,759,760,8,2,14,2,1016,997,761,761,6,21,8,29,403,246,165,157,152,151,200,330,401,246,164,157,153,151,201,330,403,246,165,158,153,151,201,330,403,246,164,157,152,150,200,330,403,246,165,157,153,150,200,329,402,245,165,157,152,150,200,329,401,245,165,157,153,151,201,329,401,245,165,157,153,151,201,330,438,270,186,176,163,163,215,348,439,270,186,176,163,163,215,348,439,270,187,176,163,163,216,348,439,270,187,176,163,162,215,348,439,270,186,176,163,163,215,348,438,270,186,175,163,162,215,347,438,269,186,176,163,163,215,347,438,270,186,176,163,163,215,348,0
479,310,216,209,207,207,282,440,479,310,216,209,207,207,282,440,479,310,216,210,207,207,282,441,479,310,216,209,207,207,282,440,479,310,216,209,207,207,282,440,479,310,216,209,207,207,282,440,479,310,216,209,207,207,282,440,479,310,216,209,207,207,282,439,1017,999,761,761,14,8,17,18,1017,998,760,761,10,10,9,10,1014,996,760,762,33,9,8,3,1016,996,760,761,1,9,11,1,1017,998,760,758,9,5,14,4,1014,993,757,760,9,0,0,20,1010,993,760,760,13,6,1,21,1015,997,760,761,7,23,12,14,403,246,165,157,153,151,200,330,401,246,164,157,152,150,200,328,402,246,165,157,153,151,201,329,403,246,164,157,152,150,200,330,403,246,165,157,152,150,201,330,403,246,165,157,152,150,201,330,401,245,164,157,153,151,201,329,401,245,164,157,153,151,201,328,439,270,186,176,163,162,215,348,438,270,186,176,163,163,215,348,438,270,186,175,163,162,215,347,438,269,186,176,163,162,215,348,438,270,186,175,163,163,215,348,439,270,186,176,163,163,215,348,439,270,186,176,163,163,215,348,438,270,186,176,163,163,215,348,0
479,310,216,209,207,207,282,440,479,310,216,209,207,207,282,440,479,310,216,209,207,207,282,440,478,310,216,209,207,207,282,440,479,310,216,209,207,207,282,440,479,310,216,209,207,207,282,440,479,310,216,209,207,207,282,440,479,310,216,209,207,207,282,439,1018,1000,761,761,7,8,18,3,1017,998,760,761,9,10,10,16,1015,997,760,761,33,9,8,3,1016,996,760,761,3,9,12,1,1016,998,759,757,10,5,1,11,1014,992,758,760,9,9,25,15,1011,992,759,760,11,17,4,6,1016,997,761,761,6,11,0,0,402,246,164,157,153,151,201,329,401,246,164,157,153,151,201,330,403,246,165,157,153,151,201,330,403,246,164,157,153,151,200,330,403,246,165,157,152,150,200,329,402,245,165,157,153,151,201,329,401,245,165,157,153,151,201,329,401,245,165,157,153,151,201,329,438,269,186,176,163,163,215,348,439,270,186,176,163,163,215,348,439,270,186,176,163,163,215,348,439,270,186,176,163,163,215,348,439,270,186,176,163,163,215,348,439,270,186,176,163,162,215,346,438,269,186,176,163,162,215,347,438,269,186,176,163,163,215,348,0
478,310,216,209,206,207,282,440,479,310,216,209,207,207,282,440,479,310,216,209,207,207,282,440,480,310,216,209,207,207,282,441,479,310,216,209,207,207,282,440,479,310,216,209,207,207,282,440,479,310,216,209,207,207,282,440,479,310,216,209,207,207,282,440,1017,999,761,761,6,8,2,6,1017,999,760,761,9,9,8,14,1015,996,760,761,34,9,8,5,1016,996,760,760,0,10,7,19,1017,998,760,757,9,9,13,6,1014,992,757,761,9,0,11,2,1011,994,759,760,8,4,3,24,1015,997,760,761,6,8,9,30,403,246,165,157,153,151,201,330,401,246,164,157,152,151,201,329,403,246,165,157,152,151,200,329,402,246,164,157,153,151,200,330,403,246,165,157,153,150,200,329,403,246,165,158,153,151,201,330,401,246,165,157,153,151,201,329,401,245,165,157,153,151,201,329,439,270,186,176,163,163,215,348,439,270,186,176,163,163,215,348,439,270,186,176,163,162,215,347,438,269,186,175,163,163,215,348,439,269,186,176,163,162,215,348,439,270,186,176,163,162,216,349,439,270,186,176,163,163,216,348,438,270,186,176,163,163,215,348,0
479,310,216,209,207,207,282,440,479,310,216,210,207,207,282,440,479,310,216,209,207,207,282,440,479,310,216,209,207,207,282,440,479,310,216,209,207,207,282,440,479,310,216,209,207,207,282,440,479,310,216,209,207,207,282,441,479,310,216,209,207,207,282,440,1018,1000,761,761,10,9,5,2,1018,998,760,761,9,10,4,9,1014,997,760,761,35,9,8,2,1016,996,760,760,0,9,7,20,1016,998,759,757,10,0,12,16,1014,991,758,760,10,16,20,13,1011,993,759,760,12,17,2,20,1016,998,761,761,5,12,19,7,403,246,165,157,153,151,201,329,401,246,164,157,153,151,201,329,403,246,165,157,153,151,201,330,403,246,164,157,152,150,200,330,403,246,165,157,152,151,200,329,403,246,165,157,153,150,200,329,401,245,165,157,153,151,201,329,401,245,165,157,153,150,201,329,438,270,186,176,163,163,215,348,439,270,186,176,163,163,215,348,439,270,186,176,163,163,215,348,439,270,186,176,163,163,215,349,439,270,186,175,163,162,215,348,439,270,186,176,163,163,215,347,438,269,186,175,163,162,215,347,438,269,186,176,163,163,215,348,0
479,310,216,209,207,207,282,441,480,310,216,209,207,207,282,440,479,310,216,209,207,207,282,440,479,310,216,209,207,207,282,440,479,310,216,209,207,207,282,440,478,310,216,209,207,207,282,440,479,310,216,209,207,207,282,441,479,310,216,209,207,207,282,441,1018,1001,764,760,9,6,7,17,1017,1001,764,759,9,9,8,8,1014,999,763,760,20,9,8,9,1016,998,764,760,5,9,8,10,1017,1001,764,758,9,31,1,3,1014,997,764,760,10,3,28,2,1014,992,763,760,4,9,16,6,1016,1000,764,760,2,31,2,0,403,246,165,157,153,151,201,330,401,246,165,158,153,151,201,330,401,245,165,158,153,151,201,331,403,246,165,158,153,151,201,330,403,246,165,157,153,151,201,330,403,246,165,158,153,151,200,328,395,244,165,157,152,150,200,327,394,244,165,157,152,151,200,327,438,269,186,176,163,163,215,347,438,269,186,176,163,163,216,348,438,270,186,176,163,163,216,348,438,270,187,176,163,163,216,349,439,270,187,176,163,163,215,348,439,270,186,176,163,163,215,348,438,270,186,176,163,163,215,345,438,270,186,176,163,163,215,348,0
479,310,216,209,207,207,282,440,478,310,216,209,207,207,282,440,479,310,216,209,207,207,282,440,479,310,216,209,207,207,282,440,480,311,216,209,207,207,282,441,479,310,216,209,207,207,282,440,479,310,216,209,207,207,282,440,478,310,216,209,207,207,282,439,1018,1001,764,760,9,4,10,4,1017,1001,763,759,9,9,8,8,1013,999,763,760,21,9,9,8,1017,998,763,760,2,10,8,3,1017,1001,764,759,9,23,5,19,1015,996,764,761,9,4,2,0,1014,993,763,760,15,2,13,28,1016,999,764,761,0,9,25,0,403,246,165,158,153,151,201,330,401,246,165,158,153,151,201,330,400,245,165,158,153,151,201,329,402,246,164,158,153,151,201,330,403,246,165,158,153,151,201,330,403,246,165,158,153,151,201,330,395,245,165,157,153,151,201,328,396,245,165,157,152,151,201,327,438,270,187,176,164,163,216,349,439,270,186,176,163,163,216,348,438,270,187,176,163,163,216,348,438,270,186,176,163,163,215,347,438,270,186,176,163,163,216,348,438,270,186,176,163,163,215,347,438,269,186,176,163,163,216,346,438,270,187,176,163,163,216,348,0
479,310,216,209,207,207,282,440,479,310,216,209,207,207,282,441,479,310,216,209,207,207,282,440,479,310,216,209,207,207,282,440,479,310,216,209,207,207,282,440,479,310,216,209,207,207,282,440,479,310,216,209,207,207,282,440,479,310,216,209,207,207,282,439,1018,1001,764,760,9,4,6,4,1017,1001,764,759,9,9,8,11,1015,999,763,761,21,9,8,8,1016,998,763,760,4,9,8,7,1017,1001,764,759,9,1,15,15,1014,997,764,760,10,27,28,0,1014,992,763,760,15,1,19,20,1016,999,764,761,13,14,25,1,402,245,165,158,153,151,201,329,401,246,165,158,153,151,201,330,401,245,165,158,153,151,201,331,403,246,164,158,153,151,201,330,403,246,165,157,153,151,201,329,403,246,165,158,153,151,200,329,395,244,165,157,152,151,201,327,395,245,165,157,152,151,201,327,438,270,186,176,163,163,215,347,438,270,186,176,163,163,215,347,438,270,186,176,163,163,215,348,438,270,186,176,163,164,216,349,439,270,187,176,163,163,216,348,439,270,186,176,163,163,215,347,438,270,186,176,163,163,215,344,438,269,186,176,163,163,215,347,0
479,310,216,209,207,207,282,440,479,310,216,209,207,207,282,440,478,310,216,209,207,207,282,440,479,310,216,209,207,207,282,440,479,310,216,209,207,207,282,441,479,310,216,209,207,207,282,440,479,310,216,209,207,207,282,440,479,310,216,209,207,207,282,439,1018,1001,764,760,9,9,8,13,1017,1001,763,760,10,9,8,9,1014,999,762,760,11,9,8,8,1016,998,764,760,15,10,8,11,1017,1001,764,759,9,5,6,15,1015,996,764,760,10,5,0,0,1014,992,763,760,11,12,8,4,1016,1000,763,761,25,28,1,4,403,246,165,158,153,151,201,330,401,246,165,158,153,151,201,330,402,245,165,158,153,151,201,330,402,246,164,157,153,150,200,329,403,246,165,158,153,151,201,329,403,246,165,158,153,151,200,329,397,244,165,157,153,151,201,328,396,245,165,157,152,151,201,328,438,270,187,176,164,163,216,349,439,270,187,176,163,163,216,348,439,270,186,176,163,163,216,348,438,270,186,176,163,162,215,347,438,269,186,176,163,162,216,349,438,270,186,176,163,163,216,347,439,270,186,176,163,163,216,346,439,270,187,176,164,163,216,348,0
479,310,216,209,207,207,282,440,479,310,216,209,207,207,282,441,479,310,216,209,207,207,282,440,479,310,216,209,207,207,282,440,479,310,216,209,207,207,282,440,479,310,216,209,207,207,282,440,479,310,216,209,207,207,282,440,479,310,216,209,207,207,282,441,1018,1001,764,760,10,17,10,4,1017,1000,763,759,9,9,8,6,1015,1000,763,760,21,10,8,9,1017,998,763,760,20,10,9,18,1017,1001,764,759,9,31,17,1,1013,996,764,760,9,0,0,24,1014,993,763,760,8,18,1,2,1016,999,764,761,7,0,27,0,403,246,165,158,152,151,201,330,401,246,165,158,153,151,201,330,402,245,165,158,153,151,201,330,402,246,164,158,153,151,201,330,403,246,165,158,153,151,201,329,403,246,165,158,153,151,201,329,395,244,165,157,153,150,201,327,396,244,165,157,153,151,201,327,438,270,186,176,163,162,215,347,438,269,186,176,163,163,215,348,439,270,186,176,163,163,215,348,438,270,186,176,163,163,216,349,439,270,187,176,163,163,216,348,439,270,186,176,163,163,215,347,438,270,186,176,163,163,215,346,438,269,186,176,163,163,215,347,0
479,310,216,209,207,207,282,440,479,310,216,209,207,207,282,440,479,310,216,209,207,207,282,440,479,310,216,209,207,207,282,440,479,310,216,209,207,207,282,441,479,310,216,209,207,207,282,440,479,310,216,209,207,207,282,440,479,310,216,209,207,207,282,439,1017,1001,764,761,9,8,12,2,1017,1001,763,759,9,10,8,6,1014,999,763,760,22,9,8,8,1016,998,763,760,22,10,8,10,1017,1001,764,759,9,5,9,9,1015,996,764,761,9,15,0,1,1014,993,763,760,7,7,1,1,1016,998,763,761,1,25,13,0,403,246,165,157,153,151,201,329,402,246,165,158,153,151,201,330,401,245,165,158,153,151,201,330,401,246,164,157,153,150,200,330,403,246,165,157,153,151,201,329,403,246,165,158,153,151,201,330,396,244,165,157,153,151,201,329,398,245,165,157,152,151,201,328,438,270,186,176,163,163,215,349,439,270,186,176,163,163,215,348,438,270,187,176,163,163,215,348,438,270,186,176,163,163,215,348,438,269,186,176,163,162,215,347,438,270,186,176,163,163,215,347,438,270,186,176,163,163,215,347,438,270,187,176,163,163,216,348,0
479,310,216,209,207,207,282,440,479,310,216,210,207,207,282,441,479,310,216,209,207,207,282,440,479,310,216,209,207,207,282,440,479,310,216,209,207,206,282,440,478,310,216,209,207,207,282,441,480,310,216,209,207,207,282,440,479,310,216,209,207,207,282,440,1018,1001,764,760,9,5,13,3,1017,1000,763,759,9,9,8,12,1015,999,763,760,23,10,8,8,1017,998,764,760,10,9,8,3,1017,1001,764,759,9,0,19,3,1014,997,764,760,9,29,0,18,1013,992,763,760,14,13,13,23,1016,999,763,761,10,29,0,29,403,246,165,157,152,151,201,330,401,246,165,158,153,151,201,330,400,246,165,158,153,151,201,330,401,246,164,158,153,151,201,330,403,246,165,157,153,151,201,329,403,246,165,158,153,151,200,329,396,244,165,157,152,150,201,327,396,244,165,157,152,151,201,328,438,270,186,176,163,163,215,347,438,269,186,176,163,163,215,348,438,269,187,176,163,163,215,348,438,270,186,176,163,163,215,348,439,270,187,176,163,163,216,348,439,270,186,176,163,163,215,348,438,270,186,176,163,163,215,347,438,269,186,176,163,162,215,347,0
479,310,216,209,207,207,282,440,479,310,216,209,207,207,282,440,478,310,216,209,207,207,282,440,479,310,216,209,207,207,282,440,479,310,216,209,207,207,282,441,479,310,216,209,207,207,282,440,479,310,216,209,207,207,282,440,479,310,216,209,207,207,282,439,1017,1001,764,761,9,4,11,10,1017,1000,763,760,9,9,8,12,1014,999,762,760,20,9,9,8,1016,998,764,760,2,9,9,3,1017,1001,764,759,9,15,9,1,1015,996,764,760,9,2,1,1,1014,992,763,760,14,9,20,11,1016,999,763,761,22,2,0,0,403,246,165,157,153,151,201,330,401,246,165,158,153,151,201,330,401,246,165,158,153,151,201,330,400,246,164,157,153,150,200,329,402,246,165,157,153,151,201,329,403,246,165,158,153,151,200,329,395,244,165,157,153,151,201,329,396,244,165,157,153,151,201,328,438,270,186,176,163,163,215,348,439,270,187,176,163,163,216,349,439,270,187,176,163,163,215,348,439,270,186,176,163,163,215,348,438,269,186,176,163,162,215,347,438,269,186,176,163,163,216,347,439,270,186,176,163,163,215,348,438,270,186,176,164,163,216,349,0
480,310,216,209,207,207,282,440,479,310,216,209,207,207,282,441,479,310,216,210,207,207,282,440,479,310,216,209,207,207,282,440,479,310,216,209,207,207,282,440,478,310,216,209,207,207,282,440,479,310,216,209,207,207,282,440,479,310,216,209,207,207,282,440,1017,1000,764,761,9,2,8,7,1017,1001,763,759,9,9,9,13,1014,999,763,760,18,9,8,10,1016,998,763,760,1,10,9,15,1017,1000,764,759,10,29,15,9,1014,996,764,760,9,0,14,23,1013,993,763,760,9,5,1,23,1016,999,763,761,24,14,19,1,403,246,165,157,153,150,201,329,400,246,165,157,153,151,201,330,400,246,165,157,153,151,201,330,400,246,164,157,153,151,201,330,403,246,165,157,153,151,201,330,403,246,165,158,153,151,201,330,396,244,165,157,152,151,201,328,396,244,165,157,153,151,200,328,438,270,186,176,163,163,215,348,437,269,186,175,163,163,215,347,438,269,187,176,163,163,215,348,438,270,186,176,163,163,215,348,438,270,187,176,164,163,216,348,440,269,186,176,163,163,215,347,438,270,186,176,163,163,215,347,438,270,186,176,163,162,215,348,0
479,310,216,209,207,207,282,440,479,310,216,209,207,207,282,440,478,310,216,209,207,207,282,440,479,310,216,209,207,207,282,440,479,310,216,209,207,207,282,441,479,310,216,209,207,207,282,441,480,310,216,209,207,322,282,440,479,310,216,230,1022,321,282,439,1017,1001,764,761,10,2,4,7,1017,1000,763,759,9,9,8,6,1014,998,762,761,13,10,8,9,1016,998,763,760,16,10,8,6,1017,1000,764,759,9,18,2,18,1014,996,764,760,10,6,0,0,1014,992,763,760,5,17,1,0,1016,999,763,761,18,8,26,20,403,246,165,157,153,151,201,330,402,246,165,158,153,151,201,330,400,246,165,158,153,151,201,330,400,246,164,157,153,150,200,329,403,246,165,157,153,151,200,329,403,246,165,158,153,151,200,330,396,244,165,157,152,151,201,329,397,245,165,157,153,151,201,328,438,270,187,176,163,163,215,348,438,270,186,176,163,163,215,349,439,270,186,176,163,163,216,348,438,270,186,176,163,163,215,348,438,270,186,176,163,162,215,347,438,269,186,176,163,163,215,347,438,270,186,176,163,163,215,347,438,270,186,176,164,163,216,348,0
479,310,216,230,1023,322,282,440,479,310,216,230,1023,322,282,441,479,310,216,230,1022,321,282,441,479,310,216,230,1023,321,282,440,479,310,216,230,1023,321,282,439,478,310,216,230,1022,321,282,440,479,310,216,230,1023,320,282,440,479,310,216,230,1022,321,282,439,1017,1001,764,761,9,4,13,13,1017,1001,763,760,9,9,8,4,1014,998,762,761,11,9,8,8,1016,998,763,760,13,10,7,2,1017,1000,764,759,9,0,11,14,1014,996,764,760,9,28,0,2,1012,992,763,760,5,16,1,12,1016,999,763,761,2,30,0,0,403,245,165,158,153,151,201,329,402,246,165,158,153,151,201,330,400,245,165,158,153,151,201,330,400,246,164,157,153,151,201,331,403,246,165,157,153,151,201,329,403,246,165,158,153,151,201,330,396,244,165,157,152,151,201,328,397,244,165,157,152,151,201,328,438,270,186,176,163,163,215,348,438,269,186,176,163,163,214,347,439,270,186,176,163,163,216,348,438,270,186,176,163,163,215,348,438,270,186,176,164,163,216,349,439,270,186,176,163,163,215,347,438,269,186,176,163,163,215,347,438,270,186,176,163,162,215,347,0
479,310,216,230,1023,322,282,440,479,310,216,230,1023,322,282,440,479,310,216,230,1022,321,282,440,479,310,216,230,1023,322,282,440,479,310,216,230,1023,321,282,440,479,310,216,230,1023,321,282,441,479,310,216,230,1023,320,282,440,479,310,216,230,1022,321,282,440,1018,1001,764,761,9,3,12,16,1017,1001,763,759,10,9,8,5,1014,999,762,760,11,9,8,7,1016,998,763,760,8,10,7,2,1017,1000,764,759,9,12,4,21,1015,996,764,761,9,24,24,0,1014,993,763,760,9,10,1,0,1016,999,763,761,1,0,10,0,403,245,165,158,153,151,201,330,402,246,165,158,153,151,201,330,402,245,165,157,153,151,201,330,400,246,164,157,153,150,200,329,403,246,165,157,153,151,200,329,403,246,165,158,153,151,201,330,396,244,165,157,153,151,201,329,398,245,165,158,153,151,201,329,438,270,186,176,163,163,215,348,438,270,186,176,163,163,216,348,439,270,186,176,163,163,216,348,438,270,186,176,163,163,215,348,438,270,186,176,163,163,215,347,439,269,186,176,163,163,215,347,438,269,186,176,163,163,215,347,438,270,186,176,163,163,216,348,0
479,310,216,230,1023,322,282,440,479,310,216,230,1023,322,282,441,479,310,216,230,1023,321,282,440,479,310,216,230,1023,321,282,440,479,310,216,230,1023,321,282,440,479,310,216,230,1023,320,282,439,479,310,216,230,1022,320,282,440,479,310,216,230,1022,321,282,440,1018,1000,764,761,10,4,7,18,1017,1001,763,759,9,9,8,11,1014,999,763,760,3,9,8,9,1016,998,763,760,23,10,7,2,1017,1000,764,759,10,28,19,19,1014,996,764,760,10,3,15,19,1013,995,763,760,13,3,7,26,1016,999,763,761,10,14,9,22,403,245,165,157,152,151,201,329,402,246,165,157,153,151,201,330,403,245,165,158,153,151,201,330,400,246,164,158,153,151,201,330,403,246,165,158,153,151,201,329,403,246,165,158,153,151,201,330,396,244,165,157,152,151,201,328,396,244,165,157,152,151,201,328,438,270,186,176,163,163,215,348,438,270,186,176,163,163,216,347,438,269,186,176,163,163,215,348,438,270,186,176,163,163,216,348,438,270,187,176,163,163,216,349,439,270,186,176,163,163,215,347,438,269,186,176,163,163,215,347,438,269,186,176,163,162,215,347,0
479,310,216,230,1023,322,282,440,479,310,216,230,1023,321,282,439,479,310,216,230,1022,321,282,440,479,310,216,230,1023,322,282,440,479,310,216,230,1023,322,282,441,479,310,216,230,1023,321,282,440,479,310,216,230,1023,320,282,440,479,310,216,230,1022,321,282,440,1018,1001,764,761,9,20,6,16,1017,1000,763,760,9,9,8,10,1014,998,762,760,1,9,8,10,1016,997,763,760,23,9,8,11,1017,1001,764,759,9,30,11,18,1015,996,764,760,9,0,29,5,1014,994,763,760,13,4,1,3,1016,998,763,761,16,24,23,0,403,246,165,158,153,151,201,330,402,246,165,158,153,151,201,330,403,245,165,158,153,151,201,330,400,246,164,157,153,150,200,329,402,246,165,158,153,151,201,329,403,246,165,158,153,151,201,330,398,245,165,157,152,151,201,329,397,245,165,157,152,151,201,329,438,270,186,176,163,163,215,348,439,270,187,176,163,163,216,348,438,269,186,176,163,163,215,348,438,270,186,176,163,163,216,348,438,269,186,176,163,163,215,347,438,269,186,176,163,163,215,347,438,270,186,176,163,163,215,347,438,270,186,176,164,163,216,348,0
479,310,216,230,1023,322,282,440,479,310,216,230,1023,322,282,440,479,310,216,230,1023,321,282,440,480,310,216,230,1023,321,282,440,479,310,216,230,1023,322,282,440,478,310,216,230,1022,321,282,440,479,310,216,230,1022,320,282,440,479,310,216,230,1023,321,282,440,1017,1001,764,760,9,1,14,12,1018,1000,763,760,9,9,8,7,1014,999,763,760,2,10,8,9,1016,998,764,760,18,9,8,13,1017,1000,763,759,9,19,12,3,1014,996,763,760,9,19,0,17,1013,994,763,760,12,2,20,24,1016,999,763,761,21,20,4,32,403,246,165,157,152,151,201,329,401,246,165,158,153,151,201,330,403,245,165,158,153,151,201,330,400,246,164,158,153,151,201,330,403,246,165,158,153,151,201,330,403,246,165,158,153,151,200,330,396,244,165,157,152,150,200,328,396,244,165,157,152,151,201,329,438,270,186,176,163,163,215,347,438,269,186,176,163,162,216,347,438,269,187,176,163,163,215,348,438,270,186,176,163,163,216,348,440,270,186,176,163,163,216,349,439,270,186,176,163,163,215,347,438,270,186,176,163,163,215,348,438,269,186,176,163,163,215,348,0
479,310,216,230,1023,322,282,440,479,310,216,230,1023,321,282,440,479,310,217,230,1022,321,282,440,479,310,216,230,1023,322,282,440,479,310,216,230,1022,322,282,441,479,310,216,230,1023,321,282,440,479,310,216,230,1022,320,282,440,479,310,216,230,1022,321,282,440,1018,1000,764,761,9,3,13,18,1017,1000,763,760,9,9,8,5,1014,998,762,761,1,9,8,8,1016,998,763,760,10,10,10,3,1017,1000,764,759,9,12,1,1,1015,997,764,760,9,8,18,21,1014,995,763,760,7,5,11,3,1016,998,763,761,22,30,0,0,403,246,165,158,153,151,201,330,402,246,165,158,153,151,201,330,402,245,165,157,153,151,201,330,401,246,164,157,153,150,201,330,402,246,165,157,153,150,201,329,403,246,165,157,153,151,201,330,397,244,165,157,153,151,201,329,397,244,165,158,153,151,201,329,438,270,186,176,163,163,215,350,439,270,186,176,163,163,216,349,439,270,186,176,163,163,215,348,438,270,186,176,163,163,215,348,437,270,186,176,163,162,215,348,438,270,186,176,163,163,215,347,438,270,186,176,163,163,215,347,438,270,187,176,163,163,216,348,0
479,310,216,230,1023,322,282,440,479,310,216,230,1023,322,282,440,479,310,216,230,1023,321,282,440,479,310,216,230,1023,322,282,440,479,310,216,230,1023,321,282,440,478,310,216,230,1023,321,282,440,479,310,216,230,1023,320,282,440,479,310,216,230,1022,321,282,440,1017,1000,764,761,10,3,13,3,1017,1000,763,760,9,9,8,6,1015,999,763,761,3,9,8,8,1016,998,763,760,2,9,10,17,1017,1000,763,759,9,0,17,9,1014,995,763,760,9,19,17,10,1013,994,763,760,6,3,6,15,1016,998,763,761,16,2,5,7,403,245,165,157,153,151,201,329,402,246,165,157,153,151,201,330,402,246,165,158,153,151,201,330,401,246,164,158,153,151,201,330,403,246,165,158,153,151,201,329,403,246,165,157,153,151,201,330,396,244,165,157,152,150,200,328,396,244,165,157,152,151,201,329,438,270,186,176,163,163,215,348,438,269,186,175,163,162,216,347,438,269,186,176,163,163,215,348,438,270,186,176,163,163,215,348,439,270,187,176,163,163,215,349,439,270,186,176,163,163,215,347,438,269,186,176,163,163,215,347,438,269,186,176,163,163,215,347,0
479,310,216,230,1023,322,282,440,479,310,216,230,1022,322,282,440,479,310,216,230,1023,321,282,440,479,310,216,230,1023,322,282,440,479,310,216,230,1023,322,282,441,479,310,216,230,1023,321,282,440,479,310,216,230,1022,320,282,440,479,310,216,230,1022,321,282,439,1018,1000,763,761,9,4,6,2,1017,1000,763,760,9,9,8,13,1014,998,762,761,2,10,8,10,1015,998,763,760,1,9,10,20,1017,1000,763,759,9,0,17,1,1015,996,764,760,9,28,25,0,1014,995,763,760,5,8,0,16,1016,998,763,761,6,11,1,0,403,246,165,158,153,151,201,330,402,246,165,158,153,151,201,330,402,246,165,157,153,151,201,330,401,246,164,157,153,150,200,329,402,246,165,157,153,151,201,329,403,246,165,158,153,151,201,330,397,245,165,157,153,151,201,330,398,245,165,158,152,151,201,329,438,270,186,176,163,163,215,348,439,270,186,176,163,163,216,349,438,270,186,176,163,163,215,348,438,270,186,176,163,163,215,348,438,269,186,176,163,162,215,347,438,269,186,176,163,163,215,347,438,270,186,176,163,163,215,347,438,270,186,176,163,163,216,348,0
479,310,216,230,1022,322,282,440,479,310,216,230,1023,322,282,440,479,310,216,230,1023,321,282,440,480,310,216,230,1023,321,282,440,479,310,216,230,1023,321,282,440,478,310,216,230,1023,321,282,441,479,310,216,230,1022,320,282,440,479,310,216,230,1022,322,282,440,1017,1000,763,761,10,3,6,9,1017,1000,763,760,9,10,8,14,1015,999,763,761,6,9,8,9,1017,998,763,760,3,9,8,15,1017,1000,763,759,9,4,18,19,1014,995,763,760,9,19,8,0,1013,994,763,760,7,6,9,0,1016,998,763,761,1,29,4,20,403,246,165,157,152,151,201,329,401,246,165,158,153,151,201,330,402,245,165,157,153,151,201,330,401,246,164,158,153,151,201,330,403,246,165,157,153,151,201,329,403,246,165,157,153,151,201,330,397,245,165,157,152,151,200,328,397,244,165,157,152,151,201,329,438,270,186,176,163,163,215,347,438,269,186,176,163,162,215,347,438,270,186,176,163,163,215,348,438,270,186,176,163,163,215,348,439,270,186,176,163,163,216,348,439,269,186,176,163,163,215,347,438,269,186,176,163,163,215,347,438,269,186,176,163,162,215,347,0
479,310,216,230,1022,322,282,440,479,310,216,230,1023,322,282,440,479,310,216,230,1023,321,282,440,479,310,216,230,1023,321,282,440,479,310,216,230,1022,321,282,440,478,310,216,230,1022,321,282,440,479,310,216,230,1022,321,282,440,479,310,216,230,1022,322,282,440,1018,1000,764,761,9,2,6,12,1017,999,763,760,9,10,8,3,1015,998,763,761,26,10,8,9,1016,997,763,761,14,9,10,21,1017,1001,763,759,9,20,2,21,1014,995,763,760,10,0,25,22,1012,995,762,760,6,18,20,3,1016,998,764,761,22,11,0,23,403,246,165,157,153,151,201,330,401,246,165,158,153,151,201,330,402,245,165,158,153,151,201,330,402,246,164,158,153,150,201,330,403,246,165,157,153,151,201,329,403,246,165,157,153,151,201,330,398,245,165,157,152,150,200,328,397,245,165,157,152,151,201,329,438,270,186,176,163,163,214,347,438,269,186,176,163,162,215,348,439,270,186,176,163,163,215,348,438,270,186,176,163,163,215,349,439,270,187,176,163,163,215,348,438,270,186,176,163,163,215,347,438,270,186,176,163,163,215,347,437,269,186,176,163,163,215,347,0
479,310,216,230,1023,322,282,440,479,310,216,230,1022,322,282,440,479,310,216,230,1022,321,282,440,479,310,216,230,1022,322,282,440,479,310,216,230,1023,322,282,441,479,310,216,230,1023,321,282,440,479,310,216,230,1023,320,282,440,479,310,216,230,1022,321,282,440,1017,1000,764,761,9,2,9,9,1017,999,763,761,9,9,8,13,1013,999,762,760,15,9,9,9,1016,997,763,761,17,9,5,21,1017,1000,763,759,9,13,5,15,1015,995,764,760,9,19,19,20,1013,994,762,760,10,15,6,16,1016,999,763,761,24,1,20,0,403,246,165,158,153,151,201,330,401,246,165,157,153,151,201,330,401,246,165,157,153,151,201,330,402,246,164,157,153,150,201,329,403,246,165,158,153,151,201,329,403,246,165,157,153,151,201,329,398,244,165,157,153,151,201,329,397,245,165,157,153,151,201,329,438,270,186,176,163,163,215,349,439,270,186,176,163,163,215,348,439,269,186,176,163,163,215,348,438,270,186,176,163,163,215,347,438,269,186,176,163,163,215,348,438,270,186,176,163,163,215,347,438,270,186,176,163,163,215,348,439,270,186,176,164,163,216,348,0
479,310,216,230,1023,322,282,440,479,310,216,230,1023,322,282,441,479,310,216,230,1022,321,282,440,479,310,216,230,1023,322,282,440,479,310,216,230,1022,321,282,440,478,310,216,230,1023,321,282,440,479,310,216,230,1022,321,282,440,479,310,216,230,1022,322,282,440,1018,1001,764,761,10,2,3,2,1017,999,763,760,9,10,8,12,1015,998,762,761,26,9,9,8,1016,997,763,760,20,10,8,13,1017,1000,763,759,9,8,14,14,1013,996,763,760,9,15,0,21,1013,994,762,760,8,12,18,20,1016,999,763,761,14,6,14,3,403,246,165,157,153,151,201,329,401,246,165,157,153,151,201,330,401,245,165,157,153,151,201,330,402,246,164,158,153,151,201,330,403,246,165,157,153,151,201,329,403,246,165,157,153,151,201,329,397,244,165,157,152,150,201,328,397,244,165,157,152,151,201,329,438,270,186,176,163,162,215,347,438,269,186,176,163,163,215,348,438,269,186,176,164,163,215,348,438,269,186,176,163,163,216,349,439,269,187,176,163,163,215,347,439,270,186,176,163,163,215,347,438,269,186,176,163,163,215,347,437,269,186,176,163,163,215,347,0
479,310,216,230,1023,322,282,440,479,310,216,230,1022,322,282,440,479,310,216,230,1022,321,282,440,479,310,216,230,1022,322,282,440,479,310,216,230,1023,321,282,440,479,310,216,230,1023,321,282,440,479,310,216,230,1022,320,282,440,479,310,216,230,1022,321,282,439,1017,1000,763,761,9,2,4,15,1017,999,762,760,9,9,8,14,1014,998,762,761,28,9,9,10,1016,998,763,760,16,9,7,19,1017,1000,763,759,9,0,3,12,1015,995,764,760,9,21,21,5,1013,994,763,760,7,4,4,1,1016,998,763,761,9,24,7,30,404,246,165,158,153,151,201,330,401,246,165,158,153,151,201,330,401,245,165,158,153,151,201,330,402,246,164,157,153,150,201,330,402,246,165,157,153,151,201,329,403,246,165,158,153,151,201,330,397,244,165,157,153,151,201,329,397,244,165,157,152,151,201,329,438,270,186,176,163,163,216,349,439,269,187,176,163,163,215,348,439,270,186,176,163,163,215,348,438,269,186,176,163,162,215,347,439,269,186,176,163,162,215,348,438,269,186,176,163,163,215,347,438,269,186,176,163,163,215,348,438,270,186,176,163,163,215,348,0
479,310,216,230,1023,322,282,440,479,310,216,230,1023,322,282,441,479,310,216,230,1022,321,282,440,479,310,216,230,1023,322,282,440,479,310,216,229,1022,321,282,440,478,310,216,230,1023,321,282,440,479,310,216,230,1022,320,282,440,479,310,216,230,1023,321,282,440,1018,1000,763,761,8,2,3,20,1017,999,763,760,9,9,8,8,1014,998,762,761,26,8,8,9,1016,998,763,761,16,9,7,22,1017,1000,763,759,10,0,9,13,1014,995,763,760,9,25,26,1,1013,994,763,760,6,13,1,12,1016,998,763,761,8,9,26,20,403,246,165,157,153,151,200,329,401,246,164,157,153,151,201,330,401,245,165,157,153,151,201,330,402,246,164,157,153,151,201,330,403,246,165,157,153,151,201,329,403,246,165,158,153,151,201,330,397,244,165,157,152,151,201,328,398,244,165,157,152,151,201,329,438,270,186,176,163,163,215,347,438,269,186,176,163,163,215,348,438,270,186,176,163,163,215,348,438,270,186,176,163,163,216,349,439,270,186,176,163,163,215,349,438,269,186,176,163,163,215,347,438,269,186,176,163,163,215,347,437,269,186,176,163,163,215,348,0
479,310,216,230,1023,322,282,440,479,310,216,230,1022,321,282,440,479,310,216,230,1022,321,282,440,479,310,216,230,1023,322,282,440,479,310,216,230,1023,322,282,441,479,310,216,230,1022,321,282,440,479,310,216,230,1022,321,282,440,479,310,216,230,1022,321,282,439,1017,1000,763,761,8,2,3,10,1017,999,762,760,9,10,8,4,1014,998,762,761,26,9,8,7,1016,998,763,761,9,9,10,21,1017,1000,763,759,9,1,19,19,1015,995,763,760,10,26,27,12,1014,994,763,760,8,17,20,0,1016,998,763,761,3,0,14,9,403,246,165,158,153,151,201,330,401,246,165,157,153,151,201,330,401,245,165,157,153,151,201,330,401,246,164,157,153,150,200,329,403,246,165,158,153,151,201,329,403,246,165,157,153,151,201,330,397,244,165,157,153,151,201,329,398,244,165,157,152,151,201,329,438,270,186,176,164,163,216,348,439,270,186,176,163,163,215,348,438,269,186,176,163,163,215,348,438,269,186,176,163,162,215,347,438,269,186,176,163,162,215,347,438,269,186,176,163,163,215,348,438,269,186,176,163,163,216,348,439,270,186,176,164,163,216,348,0
479,310,216,230,1023,322,282,440,479,310,216,230,1023,322,282,440,479,310,216,230,1023,321,282,440,479,310,216,230,1023,322,282,440,479,310,216,230,1022,321,282,440,479,310,216,230,1023,321,282,440,479,310,216,230,1022,320,282,440,479,310,216,230,1023,322,282,440,1018,1000,763,761,9,3,10,17,1017,1000,762,760,9,10,8,7,1015,998,762,761,21,10,7,6,1016,997,763,760,7,9,10,15,1017,1000,763,759,10,27,7,2,1013,995,763,761,9,26,5,21,1012,994,762,760,9,11,19,25,1016,998,763,761,1,18,16,25,402,246,164,157,152,151,201,330,401,246,165,158,153,151,201,330,402,245,165,157,153,151,201,331,402,246,164,158,153,151,201,330,403,246,165,158,153,151,201,329,403,246,165,157,153,151,201,330,396,244,165,157,152,150,201,329,396,244,165,157,152,151,201,329,438,269,186,175,163,163,215,347,438,269,186,176,163,163,215,347,438,269,186,176,163,163,215,348,438,270,186,176,163,163,216,349,439,270,186,176,163,163,215,348,438,270,186,176,163,163,215,348,438,269,186,176,163,162,215,347,437,269,186,175,163,162,215,348,0
479,310,216,230,1023,322,282,440,478,310,216,230,1023,321,282,440,479,310,216,230,1023,321,282,440,479,310,216,230,1023,322,282,440,479,310,216,230,1023,322,282,440,479,310,216,230,1022,321,282,440,479,310,216,230,1022,321,282,440,479,310,216,230,1022,321,282,439,1018,1000,764,761,8,10,10,15,1017,999,762,760,9,9,8,4,1014,998,762,761,26,10,8,4,1016,997,763,761,19,9,6,7,1017,1000,763,759,9,22,3,2,1015,995,764,761,10,3,3,1,1013,994,762,760,10,10,18,0,1016,998,764,761,2,0,21,3,404,246,165,158,153,151,201,330,401,246,165,157,153,151,201,330,402,245,165,158,153,151,201,329,401,246,164,157,153,150,201,329,403,246,165,157,153,150,201,329,403,246,165,157,153,151,201,330,398,244,165,157,153,151,201,329,398,244,165,157,152,151,201,329,438,269,186,176,163,163,216,349,439,270,186,176,163,163,215,348,438,269,186,176,163,163,215,348,438,269,186,176,163,162,215,347,438,269,186,176,163,163,215,348,438,270,186,176,163,163,215,348,438,269,186,176,163,163,216,348,438,270,186,176,163,163,215,348,0
479,310,216,230,1022,322,282,440,479,311,216,230,1023,322,282,440,479,310,216,230,1022,321,282,440,479,310,216,230,1023,322,282,440,479,310,216,230,1023,321,282,440,478,310,216,230,1022,321,282,440,479,310,216,230,1023,321,282,440,479,310,216,230,1023,322,282,440,1018,1000,764,761,8,15,3,2,1017,999,762,760,9,9,8,9,1014,999,762,761,26,10,8,6,1016,997,763,761,10,9,8,13,1017,1000,763,758,9,23,18,2,1014,995,764,760,9,5,7,13,1011,993,762,760,13,7,14,26,1016,998,763,761,22,23,5,0,403,246,165,157,153,151,201,329,401,246,165,157,153,151,201,330,402,245,165,158,153,151,201,330,402,246,164,158,153,151,201,330,403,246,165,157,152,151,201,329,403,246,165,158,153,151,201,329,399,244,165,157,152,151,201,329,398,244,165,157,152,151,201,329,438,270,186,176,163,162,215,347,439,269,186,175,163,163,216,347,438,270,186,176,163,163,215,348,438,269,186,176,163,163,216,349,439,270,186,176,163,163,215,348,438,269,186,176,163,163,215,348,438,269,186,176,163,162,215,347,437,269,186,176,163,163,215,348,0
479,310,216,230,1022,322,282,439,479,310,216,230,1022,322,282,440,479,310,216,230,1022,321,282,440,479,310,216,230,1023,322,282,440,479,310,216,230,1023,321,282,440,478,310,216,230,1023,321,282,440,479,310,216,230,1022,321,282,440,479,310,216,230,1022,321,282,439,1018,1000,763,761,8,10,13,2,1017,999,762,761,9,9,8,15,1014,998,762,761,26,10,8,6,1016,997,763,761,4,9,8,22,1017,1000,763,759,9,0,7,4,1016,995,764,761,10,12,17,16,1011,993,762,761,11,9,1,0,1016,999,763,761,12,24,0,9,404,246,165,158,153,151,201,330,401,246,165,157,152,151,201,330,402,245,165,157,153,151,200,329,402,246,164,157,153,150,200,329,403,246,165,157,153,151,201,329,403,246,165,158,153,151,201,330,400,244,165,157,152,151,201,329,398,244,165,157,152,151,201,329,438,269,186,176,164,163,215,348,439,270,186,176,163,163,215,348,438,270,186,176,163,163,215,348,438,270,186,175,163,163,215,347,438,269,186,175,163,162,215,348,438,270,186,176,163,163,215,348,438,270,186,176,163,163,216,349,438,270,186,176,164,163,215,348,0
479,310,216,230,1022,322,282,441,479,310,216,230,1023,322,282,441,479,310,216,230,1022,321,282,440,479,310,216,230,1023,321,282,440,478,310,216,230,1023,321,282,440,478,310,216,230,1023,321,282,440,479,310,216,230,1022,321,282,440,479,310,216,230,1022,322,282,440,1018,1001,763,761,9,22,10,1,1017,999,762,761,9,9,8,15,1015,998,762,761,17,10,8,6,1016,997,763,760,1,10,6,9,1017,1000,763,759,9,11,3,18,1014,995,763,760,9,0,22,15,1011,992,762,761,8,12,6,26,1016,999,763,761,3,0,8,28,403,246,165,157,153,151,201,330,401,246,165,157,153,151,201,330,401,245,165,158,153,151,201,330,402,246,164,158,153,151,201,330,403,246,165,157,153,151,201,329,403,246,165,158,153,151,201,329,399,244,165,157,152,151,201,328,398,244,165,157,152,151,201,329,438,270,186,175,163,163,215,347,438,269,186,176,163,163,215,348,438,269,186,176,163,163,215,348,438,270,186,176,163,163,216,349,439,270,186,176,163,163,215,348,438,270,186,176,163,163,215,348,438,269,186,176,163,163,215,348,438,269,186,176,163,163,215,348,0
479,310,216,230,1022,322,282,440,479,310,216,230,1022,322,282,440,479,310,216,230,1022,321,282,440,479,310,216,230,1023,322,282,440,480,310,216,230,1023,322,282,441,479,310,216,230,1023,321,282,440,479,310,216,230,1022,321,282,440,479,310,216,230,1022,321,282,439,1018,1001,763,761,9,22,12,2,1017,999,763,760,9,9,8,12,1014,998,762,761,25,10,8,6,1016,997,763,760,3,10,6,12,1017,1000,763,759,9,25,17,3,1014,996,763,761,9,26,6,0,1011,991,762,760,8,12,18,14,1016,999,763,761,2,6,13,0,403,246,165,157,153,151,201,330,401,246,165,157,153,151,201,330,402,246,165,157,153,151,200,329,402,246,164,157,153,151,201,330,403,246,165,157,153,151,201,329,403,246,165,158,153,151,201,330,399,244,165,157,153,151,201,329,399,245,165,157,152,151,201,329,438,270,186,176,163,163,216,348,439,270,186,176,163,163,215,348,438,269,186,176,163,163,215,348,438,269,186,176,163,163,215,347,438,269,186,176,163,163,215,348,438,269,186,176,163,163,215,348,438,269,186,176,163,163,216,348,439,270,186,176,163,163,215,348,0
479,310,216,230,1023,322,282,441,479,311,216,230,1023,322,282,440,479,310,216,230,1023,321,282,440,479,310,216,230,1022,322,282,440,479,310,216,230,1022,322,282,440,478,310,216,230,1022,321,282,440,479,310,216,230,1022,321,282,440,479,310,216,230,1023,322,282,440,1018,1000,763,761,9,19,5,2,1017,999,763,761,9,9,8,12,1015,997,762,762,26,10,9,12,1016,998,763,761,3,10,6,10,1017,1000,763,759,9,26,16,13,1014,996,763,760,10,18,10,1,1011,993,763,760,8,5,10,23,1016,998,763,761,12,6,0,2,403,246,165,157,152,151,201,329,401,246,165,158,153,151,201,330,402,246,165,157,153,151,201,330,402,246,164,157,153,151,201,330,403,246,165,157,153,151,201,329,403,246,165,157,153,150,201,329,398,244,165,157,152,151,201,329,399,244,165,157,152,151,201,329,438,269,186,175,163,163,215,347,438,269,186,176,163,163,215,348,438,270,186,176,163,163,215,348,438,270,187,176,163,163,215,349,439,270,186,176,163,163,215,348,438,269,186,176,163,163,215,348,438,269,186,175,163,162,215,347,438,269,186,175,163,162,215,347,0
479,310,216,230,1023,322,282,440,479,310,216,230,1022,322,282,440,479,310,216,230,1023,321,282,440,479,310,216,230,1023,322,282,441,479,310,216,230,1023,322,282,440,479,310,216,230,1023,321,282,440,479,310,216,230,1022,321,282,440,478,310,216,230,1022,321,282,439,1017,1000,763,762,8,19,15,5,1017,999,762,760,9,9,9,13,1014,997,761,761,22,9,8,15,1016,997,763,761,2,10,6,20,1017,1000,763,759,9,27,18,17,1015,995,763,761,9,4,0,13,1011,993,762,760,6,13,1,0,1016,998,763,762,12,0,12,0,403,246,165,158,153,151,201,329,401,246,165,157,153,151,201,330,402,245,165,157,153,151,201,329,402,246,164,157,153,151,200,330,403,246,165,157,153,151,200,329,403,246,165,157,153,151,201,330,399,245,165,157,152,151,201,329,399,244,165,157,152,151,201,329,438,270,187,176,163,163,216,348,439,270,186,176,163,163,215,348,438,269,186,176,163,163,215,348,438,269,186,175,163,163,215,347,438,270,186,176,163,163,215,348,438,269,186,176,163,163,215,348,438,269,186,176,163,163,215,348,438,270,186,176,163,163,215,348,0
479,310,216,230,1022,322,282,440,480,310,216,230,1023,322,282,440,480,310,216,230,1022,321,282,440,479,310,216,230,1023,322,282,440,478,310,216,230,1023,321,282,440,479,310,216,230,1023,321,282,440,479,310,216,230,1022,321,282,440,479,310,216,230,1023,321,282,439,1018,1000,763,761,10,13,12,17,1017,999,762,761,9,9,9,9,1014,997,762,761,10,10,8,13,1016,997,763,761,11,9,10,7,1017,1000,763,758,9,17,10,15,1014,995,763,761,9,1,5,3,1011,995,762,760,11,16,1,23,1016,998,763,761,11,0,12,2,403,246,165,158,153,151,201,330,401,246,165,157,153,151,201,330,402,246,165,158,153,151,201,330,403,246,164,158,153,151,200,331,403,246,165,157,152,151,200,329,403,246,165,157,153,150,200,329,398,244,165,157,152,150,201,329,399,244,165,157,152,151,201,329,438,269,186,175,163,162,215,348,438,269,186,176,163,163,215,348,438,269,186,176,163,163,215,348,438,270,186,176,163,163,215,348,438,269,186,176,163,163,215,348,438,269,186,176,163,163,215,347,438,269,186,175,163,163,215,347,437,269,186,176,163,163,215,348,0
